id,study,type,n,r,PP,math1,math2,age,grade,sample,design
yxj1,Arndt et al  (2013),1,71,0.122,3,3,1,6.375,2,1,1
yxj1,Arndt et al  (2013),1,71,0.214,3,3,1,6.375,2,1,1
yxj1,Arndt et al  (2013),1,71,0.146,3,3,1,6.375,2,1,1
yxj1,Arndt et al  (2013),1,71,0.299,3,1,1,6.375,2,1,1
yxj1,Arndt et al  (2013),1,71,0.037,3,3,1,6.375,2,1,1
yxj1,Arndt et al  (2013),1,71,0.123,2,3,1,6.375,2,1,1
yxj1,Arndt et al  (2013),1,71,0.066,2,3,1,6.375,2,1,1
yxj1,Arndt et al  (2013),1,71,0.188,2,3,1,6.375,2,1,1
yxj1,Arndt et al  (2013),1,71,0.258,2,1,1,6.375,2,1,1
yxj1,Arndt et al  (2013),1,71,0.209,2,3,1,6.375,2,1,1
yxj1,Arndt et al  (2013),1,71,0.066,1,3,1,6.375,2,1,1
yxj1,Arndt et al  (2013),1,71,0.024,1,3,1,6.375,2,1,1
yxj1,Arndt et al  (2013),1,71,0.071,1,3,1,6.375,2,1,1
yxj1,Arndt et al  (2013),1,71,0.262,1,1,1,6.375,2,1,1
yxj1,Arndt et al  (2013),1,71,0.039,1,3,1,6.375,2,1,1
yxj2_1,Abrahamson (1994),0,35,0.66,2,2,1,8.81,2,1,1
yxj2_1,Abrahamson (1994),0,35,0.53,2,2,2,8.81,2,1,1
yxj2_1,Abrahamson (1994),0,35,0.42,2,3,1,8.81,2,1,1
yxj2_1,Abrahamson (1994),0,35,0.41,2,3,1,8.81,2,1,1
yxj2_1,Abrahamson (1994),0,35,0.54,2,3,1,8.81,2,1,1
yxj2_1,Abrahamson (1994),0,35,0.68,2,2,1,8.81,2,4,1
yxj2_1,Abrahamson (1994),0,35,0.65,2,2,1,8.81,2,4,1
yxj2_1,Abrahamson (1994),0,35,0.61,2,2,2,8.81,2,4,1
yxj2_1,Abrahamson (1994),0,35,0.55,2,3,1,8.81,2,4,1
yxj2_1,Abrahamson (1994),0,35,0.59,2,3,1,8.81,2,4,1
yxj2_1,Abrahamson (1994),0,35,0.52,2,3,1,8.81,2,4,1
yxj2_1,Abrahamson (1994),0,35,0.36,3,2,1,8.81,2,4,1
yxj2_1,Abrahamson (1994),0,35,0.24,3,2,1,8.81,2,4,1
yxj2_1,Abrahamson (1994),0,35,0.26,3,2,2,8.81,2,4,1
yxj2_1,Abrahamson (1994),0,35,0.44,3,3,1,8.81,2,4,1
yxj2_1,Abrahamson (1994),0,35,0.38,3,3,1,8.81,2,4,1
yxj2_1,Abrahamson (1994),0,35,0.46,3,3,1,8.81,2,4,1
yxj2_1,Abrahamson (1994),0,35,0.64,1,2,1,8.81,2,4,1
yxj2_1,Abrahamson (1994),0,35,0.65,1,2,1,8.81,2,4,1
yxj2_1,Abrahamson (1994),0,35,0.36,1,2,2,8.81,2,4,1
yxj2_1,Abrahamson (1994),0,35,0.72,1,3,1,8.81,2,4,1
yxj2_1,Abrahamson (1994),0,35,0.63,1,3,1,8.81,2,4,1
yxj2_1,Abrahamson (1994),0,35,0.55,1,3,1,8.81,2,4,1
yxj2_2,Abrahamson (1994),0,19,0.46,2,2,1,8.77,2,1,1
yxj2_2,Abrahamson (1994),0,19,0.42,2,2,1,8.77,2,1,1
yxj2_2,Abrahamson (1994),0,19,0.6,2,2,2,8.77,2,1,1
yxj2_2,Abrahamson (1994),0,19,0.29,2,3,1,8.77,2,1,1
yxj2_2,Abrahamson (1994),0,19,0.36,2,3,1,8.77,2,1,1
yxj2_2,Abrahamson (1994),0,19,0.49,2,3,1,8.77,2,1,1
yxj2_2,Abrahamson (1994),0,19,0.33,2,2,1,8.77,2,1,1
yxj2_2,Abrahamson (1994),0,19,0.25,2,2,1,8.77,2,1,1
yxj2_2,Abrahamson (1994),0,19,0.6,2,2,2,8.77,2,1,1
yxj2_2,Abrahamson (1994),0,19,0.17,2,3,1,8.77,2,1,1
yxj2_2,Abrahamson (1994),0,19,0.24,2,3,1,8.77,2,1,1
yxj2_2,Abrahamson (1994),0,19,0.33,2,3,1,8.77,2,1,1
yxj2_2,Abrahamson (1994),0,19,0.2,3,2,1,8.77,2,1,1
yxj2_2,Abrahamson (1994),0,19,0.23,3,2,1,8.77,2,1,1
yxj2_2,Abrahamson (1994),0,19,0.48,3,2,2,8.77,2,1,1
yxj2_2,Abrahamson (1994),0,19,0.29,3,3,1,8.77,2,1,1
yxj2_2,Abrahamson (1994),0,19,0.25,3,3,1,8.77,2,1,1
yxj2_2,Abrahamson (1994),0,19,0.43,3,3,1,8.77,2,1,1
yxj2_2,Abrahamson (1994),0,19,0.19,1,2,1,8.77,2,1,1
yxj2_2,Abrahamson (1994),0,19,0.23,1,2,1,8.77,2,1,1
yxj2_2,Abrahamson (1994),0,19,0.01,1,2,2,8.77,2,1,1
yxj2_2,Abrahamson (1994),0,19,0.36,1,3,1,8.77,2,1,1
yxj2_2,Abrahamson (1994),0,19,0.22,1,3,1,8.77,2,1,1
yxj2_2,Abrahamson (1994),0,19,0.45,1,3,1,8.77,2,1,1
yxj2_3,Abrahamson (1994),0,16,0.36,2,2,1,8.85,2,2,1
yxj2_3,Abrahamson (1994),0,16,0.48,2,2,1,8.85,2,2,1
yxj2_3,Abrahamson (1994),0,16,0.33,2,2,2,8.85,2,2,1
yxj2_3,Abrahamson (1994),0,16,0.15,2,3,1,8.85,2,2,1
yxj2_3,Abrahamson (1994),0,16,0.1,2,3,1,8.85,2,2,1
yxj2_3,Abrahamson (1994),0,16,0.23,2,3,1,8.85,2,2,1
yxj2_3,Abrahamson (1994),0,16,0.57,2,2,1,8.85,2,2,1
yxj2_3,Abrahamson (1994),0,16,0.48,2,2,1,8.85,2,2,1
yxj2_3,Abrahamson (1994),0,16,0.49,2,2,2,8.85,2,2,1
yxj2_3,Abrahamson (1994),0,16,0.15,2,3,1,8.85,2,2,1
yxj2_3,Abrahamson (1994),0,16,0.29,2,3,1,8.85,2,2,1
yxj2_3,Abrahamson (1994),0,16,0.21,2,3,1,8.85,2,2,1
yxj2_3,Abrahamson (1994),0,16,0.31,3,2,1,8.85,2,2,1
yxj2_3,Abrahamson (1994),0,16,0.03,3,2,1,8.85,2,2,1
yxj2_3,Abrahamson (1994),0,16,0.14,3,2,2,8.85,2,2,1
yxj2_3,Abrahamson (1994),0,16,0.36,3,3,1,8.85,2,2,1
yxj2_3,Abrahamson (1994),0,16,0.26,3,3,1,8.85,2,2,1
yxj2_3,Abrahamson (1994),0,16,0.28,3,3,1,8.85,2,2,1
yxj2_3,Abrahamson (1994),0,16,0.53,1,2,1,8.85,2,2,1
yxj2_3,Abrahamson (1994),0,16,0.49,1,2,1,8.85,2,2,1
yxj2_3,Abrahamson (1994),0,16,0.21,1,2,2,8.85,2,2,1
yxj2_3,Abrahamson (1994),0,16,0.4,1,3,1,8.85,2,2,1
yxj2_3,Abrahamson (1994),0,16,0.3,1,3,1,8.85,2,2,1
yxj2_3,Abrahamson (1994),0,16,0.01,1,3,1,8.85,2,2,1
yxj3,Bull et al (1997),1,68,0.48,3,2,1,7.42, ,1,1
yxj4_1,Anvari et al (2002),1,50,0.53,1,3,1,4.58, ,1,1
yxj4_1,Anvari et al (2002),1,50,0.43,3,3,1,4.58, ,1,1
yxj4_2,Anvari et al (2002),1,50,0.22,1,3,1,5.42, ,1,1
yxj4_2,Anvari et al (2002),1,50,0.22,3,3,1,5.42, ,1,1
yxj5,Alloway et al (2005),1,194,0.49,1,1,1,5.09, ,1,1
yxj6_1,Barrouillet et al (2005),1,47,0.37,3,2,1,8.92,2,1,1
yxj6_1,Barrouillet et al (2005),1,47,0.41,3,2,1,8.92,2,1,1
yxj6_1,Barrouillet et al (2005),1,47,0.47,3,2,1,8.92,2,1,1
yxj6_2,Barrouillet et al (2005),1,44,0.35,3,2,1,9.92,3,1,1
yxj6_2,Barrouillet et al (2005),1,44,0.46,3,2,1,9.92,3,1,1
yxj6_2,Barrouillet et al (2005),1,44,0.47,3,2,1,9.92,3,1,1
yxj7,Durand et al (2005),1,162,0.16,1,2,2,8.93, ,1,1
yxj7,Durand et al (2005),1,162,0.21,1,2,2,8.93, ,1,1
yxj7,Durand et al (2005),1,162,0.36,1,1,1,8.93, ,1,1
yxj7,Durand et al (2005),1,162,0.1,3,2,2,8.93, ,1,1
yxj7,Durand et al (2005),1,162,0.15,3,2,2,8.93, ,1,1
yxj7,Durand et al (2005),1,162,0.08,3,1,1,8.93, ,1,1
yxj8,Fuchs et al (2006),1,312,0.26,3,2,2, ,2,4,1
yxj8,Fuchs et al (2006),1,312,0.28,3,2,1, ,2,4,1
yxj8,Fuchs et al (2006),1,312,0.39,3,3,1, ,2,4,1
yxj9_1,Andersson et al (2007),1,31,0.06,3,2,1,10.33, ,2,1
yxj9_1,Andersson et al (2007),1,31,0.09,3,2,1,10.33, ,2,1
yxj9_2,Andersson et al (2007),1,37,0.28,3,2,1,10.42, ,2,1
yxj9_2,Andersson et al (2007),1,37,0.17,3,2,1,10.42, ,2,1
yxj9_3,Andersson et al (2007),1,23,0.38,3,2,1,9.42,2,1,1
yxj9_3,Andersson et al (2007),1,23,0.1,3,2,1,9.42,2,1,1
yxj9_4,Andersson et al (2007),1,47,0.07,3,2,1,10.25, ,1,1
yxj9_4,Andersson et al (2007),1,47,0.07,3,2,1,10.25, ,1,1
yxj10,Andersson (2007),1,69,0.34,3,3,1,9.96, ,1,1
yxj10,Andersson (2007),1,69,0.32,3,2,1,9.96, ,1,1
yxj11,Berg et al (2008),1,90,0.44,2,2,1,10.16,3,1,1
yxj11,Berg et al (2008),1,90,0.55,3,2,1,10.16,3,1,1
yxj11,Berg et al (2008),1,90,0.48,3,2,1,10.16,3,1,1
yxj12,Fuchs et al (2008),1,924,0.22,3,2,2, ,2,4,1
yxj12,Fuchs et al (2008),1,924,0.24,3,2,2, ,2,4,1
yxj12,Fuchs et al (2008),1,924,0.24,3,2,2, ,2,4,1
yxj12,Fuchs et al (2008),1,924,0.38,3,3,1, ,2,4,1
yxj12,Fuchs et al (2008),1,924,0.34,3,3,1, ,2,4,1
yxj12,Fuchs et al (2008),1,924,0.32,3,3,1, ,2,4,1
yxj13,Fuchs et al (2010),1,312,0.46,3,2,1, ,2,1,1
yxj13,Fuchs et al (2010),1,312,0.61,3,3,1, ,2,1,1
yxj13,Fuchs et al (2010),1,312,0.44,3,2,1, ,2,1,1
yxj13,Fuchs et al (2010),1,312,0.47,3,3,1, ,2,1,1
yxj14,Hannula et al (2010),1,139,0.4,1,1,1,6.5,1,1,1
yxj14,Hannula et al (2010),1,139,0.39,2,1,1,6.5,1,1,1
yxj15,Cirino et al (2011),1,285,0.14,1,1,2,6.13,1,1,1
yxj15,Cirino et al (2011),1,285,0.21,1,1,2,6.13,1,1,1
yxj15,Cirino et al (2011),1,285,0.37,1,1,2,6.13,1,1,1
yxj15,Cirino et al (2011),1,285,0.49,1,1,1,6.13,1,1,1
yxj15,Cirino et al (2011),1,285,0.3,1,1,2,6.13,1,1,1
yxj15,Cirino et al (2011),1,285,0.38,1,1,1,6.13,1,1,1
yxj15,Cirino et al (2011),1,285,0.38,1,1,2,6.13,1,1,1
yxj15,Cirino et al (2011),1,285,0.38,1,1,2,6.13,1,1,1
yxj15,Cirino et al (2011),1,285,0.37,1,1,2,6.13,1,1,1
yxj15,Cirino et al (2011),1,285,0.22,1,1,1,6.13,1,1,1
yxj15,Cirino et al (2011),1,285,0.12,1,1,1,6.13,1,1,1
yxj15,Cirino et al (2011),1,285,0.34,1,2,2,6.13,1,1,1
yxj15,Cirino et al (2011),1,285,0.14,1,1,2,6.13,1,1,1
yxj15,Cirino et al (2011),1,285,0.3,1,1,2,6.13,1,1,1
yxj15,Cirino et al (2011),1,285,0.43,1,1,2,6.13,1,1,1
yxj15,Cirino et al (2011),1,285,0.47,1,1,1,6.13,1,1,1
yxj15,Cirino et al (2011),1,285,0.34,1,1,2,6.13,1,1,1
yxj15,Cirino et al (2011),1,285,0.37,1,1,1,6.13,1,1,1
yxj15,Cirino et al (2011),1,285,0.42,1,1,2,6.13,1,1,1
yxj15,Cirino et al (2011),1,285,0.42,1,1,2,6.13,1,1,1
yxj15,Cirino et al (2011),1,285,0.38,1,1,2,6.13,1,1,1
yxj15,Cirino et al (2011),1,285,0.28,1,1,1,6.13,1,1,1
yxj15,Cirino et al (2011),1,285,0.22,1,1,1,6.13,1,1,1
yxj15,Cirino et al (2011),1,285,0.4,1,2,2,6.13,1,1,1
yxj15,Cirino et al (2011),1,285,0.12,2,1,2,6.13,1,1,1
yxj15,Cirino et al (2011),1,285,0.35,2,1,2,6.13,1,1,1
yxj15,Cirino et al (2011),1,285,0.45,2,1,2,6.13,1,1,1
yxj15,Cirino et al (2011),1,285,0.58,2,1,1,6.13,1,1,1
yxj15,Cirino et al (2011),1,285,0.48,2,1,2,6.13,1,1,1
yxj15,Cirino et al (2011),1,285,0.4,2,1,1,6.13,1,1,1
yxj15,Cirino et al (2011),1,285,0.5,2,1,2,6.13,1,1,1
yxj15,Cirino et al (2011),1,285,0.35,2,1,2,6.13,1,1,1
yxj15,Cirino et al (2011),1,285,0.46,2,1,2,6.13,1,1,1
yxj15,Cirino et al (2011),1,285,0.26,2,1,1,6.13,1,1,1
yxj15,Cirino et al (2011),1,285,0.17,2,1,1,6.13,1,1,1
yxj15,Cirino et al (2011),1,285,0.47,2,2,2,6.13,1,1,1
yxj15,Cirino et al (2011),1,285,0.12,2,1,2,6.13,1,1,1
yxj15,Cirino et al (2011),1,285,0.3,2,1,2,6.13,1,1,1
yxj15,Cirino et al (2011),1,285,0.4,2,1,2,6.13,1,1,1
yxj15,Cirino et al (2011),1,285,0.55,2,1,1,6.13,1,1,1
yxj15,Cirino et al (2011),1,285,0.38,2,1,2,6.13,1,1,1
yxj15,Cirino et al (2011),1,285,0.42,2,1,1,6.13,1,1,1
yxj15,Cirino et al (2011),1,285,0.44,2,1,2,6.13,1,1,1
yxj15,Cirino et al (2011),1,285,0.33,2,1,2,6.13,1,1,1
yxj15,Cirino et al (2011),1,285,0.44,2,1,2,6.13,1,1,1
yxj15,Cirino et al (2011),1,285,0.31,2,1,1,6.13,1,1,1
yxj15,Cirino et al (2011),1,285,0.14,2,1,1,6.13,1,1,1
yxj15,Cirino et al (2011),1,285,0.43,2,2,2,6.13,1,1,1
yxj15,Cirino et al (2011),1,285,0.23,2,1,2,6.13,1,1,1
yxj15,Cirino et al (2011),1,285,0.36,2,1,2,6.13,1,1,1
yxj15,Cirino et al (2011),1,285,0.38,2,1,2,6.13,1,1,1
yxj15,Cirino et al (2011),1,285,0.4,2,1,1,6.13,1,1,1
yxj15,Cirino et al (2011),1,285,0.41,2,1,2,6.13,1,1,1
yxj15,Cirino et al (2011),1,285,0.28,2,1,1,6.13,1,1,1
yxj15,Cirino et al (2011),1,285,0.35,2,1,2,6.13,1,1,1
yxj15,Cirino et al (2011),1,285,0.25,2,1,2,6.13,1,1,1
yxj15,Cirino et al (2011),1,285,0.36,2,1,2,6.13,1,1,1
yxj15,Cirino et al (2011),1,285,0.19,2,1,1,6.13,1,1,1
yxj15,Cirino et al (2011),1,285,0.2,2,1,1,6.13,1,1,1
yxj15,Cirino et al (2011),1,285,0.41,2,2,2,6.13,1,1,1
yxj16,Cowan et al (2011),1,259,0.24,3,2,2,7.92,2,1,1
yxj16,Cowan et al (2011),1,259,0.25,3,1,1,7.92,2,1,1
yxj17_1,Anderson et al (2012),1,43,0.04,3,1,2,12,3,1,1
yxj17_1,Anderson et al (2012),1,43,0.18,3,1,2,12,3,1,1
yxj17_1,Anderson et al (2012),1,43,0.14,3,1,2,12,3,1,1
yxj17_1,Anderson et al (2012),1,43,0.16,3,1,2,12,3,1,1
yxj17_1,Anderson et al (2012),1,43,0.25,3,1,2,12,3,1,1
yxj17_1,Anderson et al (2012),1,43,0.19,3,3,1,12,3,1,1
yxj17_1,Anderson et al (2012),1,43,0.21,2,1,2,12,3,1,1
yxj17_1,Anderson et al (2012),1,43,0.14,2,1,2,12,3,1,1
yxj17_1,Anderson et al (2012),1,43,0.15,2,1,2,12,3,1,1
yxj17_1,Anderson et al (2012),1,43,0.22,2,1,2,12,3,1,1
yxj17_1,Anderson et al (2012),1,43,0.31,2,1,2,12,3,1,1
yxj17_1,Anderson et al (2012),1,43,0.04,2,3,1,12,3,1,1
yxj17_1,Anderson et al (2012),1,43,0.19,2,1,2,12,3,1,1
yxj17_1,Anderson et al (2012),1,43,0.2,2,1,2,12,3,1,1
yxj17_1,Anderson et al (2012),1,43,0.03,2,1,2,12,3,1,1
yxj17_1,Anderson et al (2012),1,43,0.23,2,1,2,12,3,1,1
yxj17_1,Anderson et al (2012),1,43,0.34,2,1,2,12,3,1,1
yxj17_1,Anderson et al (2012),1,43,0.14,2,3,1,12,3,1,1
yxj17_1,Anderson et al (2012),1,43,0.32,2,1,2,12,3,1,1
yxj17_1,Anderson et al (2012),1,43,0.24,2,1,2,12,3,1,1
yxj17_1,Anderson et al (2012),1,43,0.07,2,1,2,12,3,1,1
yxj17_1,Anderson et al (2012),1,43,0.11,2,1,2,12,3,1,1
yxj17_1,Anderson et al (2012),1,43,0.2,2,1,2,12,3,1,1
yxj17_1,Anderson et al (2012),1,43,0.08,2,3,1,12,3,1,1
yxj17_2,Anderson et al (2012),1,20,0.14,3,1,2,12,3,2,1
yxj17_2,Anderson et al (2012),1,20,0.25,3,1,2,12,3,2,1
yxj17_2,Anderson et al (2012),1,20,0.15,3,1,2,12,3,2,1
yxj17_2,Anderson et al (2012),1,20,0.05,3,1,2,12,3,2,1
yxj17_2,Anderson et al (2012),1,20,0.32,3,1,2,12,3,2,1
yxj17_2,Anderson et al (2012),1,20,0.22,3,3,1,12,3,2,1
yxj17_2,Anderson et al (2012),1,20,0.11,2,1,2,12,3,2,1
yxj17_2,Anderson et al (2012),1,20,0.29,2,1,2,12,3,2,1
yxj17_2,Anderson et al (2012),1,20,0.05,2,1,2,12,3,2,1
yxj17_2,Anderson et al (2012),1,20,0.35,2,1,2,12,3,2,1
yxj17_2,Anderson et al (2012),1,20,0.48,2,1,2,12,3,2,1
yxj17_2,Anderson et al (2012),1,20,0.2,2,3,1,12,3,2,1
yxj17_2,Anderson et al (2012),1,20,0.15,2,1,2,12,3,2,1
yxj17_2,Anderson et al (2012),1,20,0.19,2,1,2,12,3,2,1
yxj17_2,Anderson et al (2012),1,20,0.07,2,1,2,12,3,2,1
yxj17_2,Anderson et al (2012),1,20,0.76,2,1,2,12,3,2,1
yxj17_2,Anderson et al (2012),1,20,0.65,2,1,2,12,3,2,1
yxj17_2,Anderson et al (2012),1,20,0.42,2,3,1,12,3,2,1
yxj17_2,Anderson et al (2012),1,20,0.22,2,1,2,12,3,2,1
yxj17_2,Anderson et al (2012),1,20,0.19,2,1,2,12,3,2,1
yxj17_2,Anderson et al (2012),1,20,0.07,2,1,2,12,3,2,1
yxj17_2,Anderson et al (2012),1,20,0.77,2,1,2,12,3,2,1
yxj17_2,Anderson et al (2012),1,20,0.68,2,1,2,12,3,2,1
yxj17_2,Anderson et al (2012),1,20,0.56,2,3,1,12,3,2,1
yxj18,Branum et al (2012),1,258,0.49,1,2,1, ,2,1,1
yxj18,Branum et al (2012),1,258,0.38,1,3,1, ,2,1,1
yxj18,Branum et al (2012),1,258,0.16,2,2,1, ,2,1,1
yxj18,Branum et al (2012),1,258,0.05,2,3,1, ,2,1,1
yxj19,Fuchs et al (2012),1,279,0.21,3,2,1,7.59,2,1,1
yxj19,Fuchs et al (2012),1,279,0.3,3,3,1,7.59,2,1,1
yxj19,Fuchs et al (2012),1,279,0.12,3,2,1,7.59,2,1,1
yxj19,Fuchs et al (2012),1,279,0.23,3,3,1,7.59,2,1,1
yxj20,Bjork et al (2013),1,60,0.718,1,3,1,7.33,2,1,1
yxj20,Bjork et al (2013),1,60,0.718,1,2,1,7.33,2,1,1
yxj21,Campos et al (2013),1,103,0.403,3,3,1,8.25,2,1,1
yxj21,Campos et al (2013),1,103,0.195,3,1,1,8.25,2,1,1
yxj22,Cupples et al (2013),1,93,0.48,1,3,1,5,1,4,1
yxj22,Cupples et al (2013),1,93,0.44,1,3,1,5,1,4,1
yxj22,Cupples et al (2013),1,93,0.34,1,3,1,5,1,4,1
yxj23,Georgiou et al (2013),1,72,0.19,2,1,1,5.38,1,1,1
yxj23,Georgiou et al (2013),1,72,0.45,2,1,1,5.38,1,1,1
yxj23,Georgiou et al (2013),1,72,0.43,3,1,1,5.38,1,1,1
yxj23,Georgiou et al (2013),1,72,0.48,1,1,1,5.38,1,1,1
yxj24,Cowan et al (2014),1,258,0.15,3,1,1,7.92,2,1,1
yxj24,Cowan et al (2014),1,258,0.17,3,1,1,7.92,2,1,1
yxj24,Cowan et al (2014),1,258,0.27,3,2,2,7.92,2,1,1
yxj24,Cowan et al (2014),1,258,0.27,2,1,1,8.92,2,1,1
yxj24,Cowan et al (2014),1,258,0.15,2,1,1,8.92,2,1,1
yxj24,Cowan et al (2014),1,258,0.21,2,2,1,8.92,2,1,1
yxj24,Cowan et al (2014),1,258,0.21,2,3,1,8.92,2,1,1
yxj25,Foster et al (2015),1,208,0.51,1,,1,5.62,1,1,1
yxj25,Foster et al (2015),1,208,0.31,2,,1,5.62,1,1,1
yxj25,Foster et al (2015),1,208,0.1,3,,1,5.62,1,1,1
yxj26,Cui at al (2017),1,160,0.38,2,2,2,5.11,1,1,1
yxj26,Cui at al (2017),1,160,0.34,2,2,2,5.11,1,1,1
yxj26,Cui at al (2017),1,160,0.28,2,1,1,5.11,1,1,1
yxj26,Cui at al (2017),1,160,0.3,1,2,2,5.11,1,1,1
yxj26,Cui at al (2017),1,160,0.3,1,2,2,5.11,1,1,1
yxj26,Cui at al (2017),1,160,0.24,1,1,1,5.11,1,1,1
yxj26,Cui at al (2017),1,160,0.36,1,2,2,5.11,1,1,1
yxj26,Cui at al (2017),1,160,0.24,1,2,2,5.11,1,1,1
yxj26,Cui at al (2017),1,160,0.22,1,1,1,5.11,1,1,1
yxj26,Cui at al (2017),1,160,0.28,3,2,2,5.11,1,1,1
yxj26,Cui at al (2017),1,160,0.24,3,2,2,5.11,1,1,1
yxj26,Cui at al (2017),1,160,0.14,3,1,1,5.11,1,1,1
yxj27_1,Child et al (2018),1,233,0.36,1,2,2,7.58,2,1,1
yxj27_1,Child et al (2018),1,233,0.15,1,1,1,7.58,2,1,1
yxj27_2,Child et al (2018),1,261,0.18,2,2,1,9.89,,1,1
yxj27_2,Child et al (2018),1,261,0.42,2,2,2,9.89,,1,1
yxj27_3,Child et al (2018),1,245,0.18,2,3,1,9.89,,1,1
yxj27_4,Child et al (2018),1,168,0.22,2,1,1,9.89,,1,1
yxj28,Hecht(2001),1,201,0.37,3,2,1,7.71,2,1,1
yxj28,Hecht(2001),1,201,0.59,2,2,1,7.71,2,1,1
yxj28,Hecht(2001),1,201,0.47,1,2,1,7.71,2,1,1
yxj28,Hecht(2001),1,201,0.37,3,2,1,8.7,2,1,1
yxj28,Hecht(2001),1,201,0.54,2,2,1,8.7,2,1,1
yxj28,Hecht(2001),1,201,0.5,1,2,1,8.7,2,1,1
yxj28,Hecht(2001),1,201,0.42,3,2,1,10.17,3,1,1
yxj28,Hecht(2001),1,201,0.33,2,2,1,10.17,3,1,1
yxj28,Hecht(2001),1,201,0.56,1,2,1,10.17,3,1,1
yxj28,Hecht(2001),1,201,0.33,3,2,2,10.17,3,1,1
yxj28,Hecht(2001),1,201,0.48,2,2,2,10.17,3,1,1
yxj28,Hecht(2001),1,201,0.39,1,2,2,10.17,3,1,1
yxj28,Hecht(2001),1,201,0.41,3,2,1,11.23,3,1,1
yxj28,Hecht(2001),1,201,0.35,2,2,1,11.23,3,1,1
yxj28,Hecht(2001),1,201,0.56,1,2,1,11.23,3,1,1
yxj28,Hecht(2001),1,201,0.38,3,2,2,11.23,3,1,1
yxj28,Hecht(2001),1,201,0.61,2,2,2,11.23,3,1,1
yxj28,Hecht(2001),1,201,0.33,1,2,2,11.23,3,1,1
yxj29,Imbo(2007),1,63,0.14,3,2,2,11.08,3,1,1
yxj30_1,Jap(2017),1,75,0.223,3,2,2,6.4,2,1,1
yxj30_1,Jap(2017),1,75,0.298,1,2,2,6.4,2,1,1
yxj30_1,Jap(2017),1,75,0.196,2,2,2,6.4,2,1,1
yxj30_1,Jap(2017),1,75,0.277,2,2,2,6.4,2,1,1
yxj30_1,Jap(2017),1,75,0.135,2,2,2,6.4,2,1,1
yxj30_2,Jap(2017),1,64,0.276,3,2,2,7.6,2,1,1
yxj30_2,Jap(2017),1,64,0.158,1,2,2,7.6,2,1,1
yxj30_2,Jap(2017),1,64,0.42,2,2,2,7.6,2,1,1
yxj30_2,Jap(2017),1,64,0.187,2,2,2,7.6,2,1,1
yxj30_2,Jap(2017),1,64,0.259,2,2,2,7.6,2,1,1
yxj31_1,Kail(1999),1,24,0.1,3,2,1,10.25,,1,1
yxj31_1,Kail(1999),1,24,0.23,3,2,2,10.25,,1,1
yxj31_1,Kail(1999),1,24,0.33,3,3,1,10.25,,1,1
yxj31_2,Kail(1999),1,155,0.16,3,2,1,10.24,,1,1
yxj31_2,Kail(1999),1,155,0.32,3,2,2,10.24,,1,1
yxj31_2,Kail(1999),1,155,0.32,3,3,1,10.24,,1,1
yxj32,Kleemans(2011),1,130,0.333,1,1,1,6.09,1,1,1
yxj32,Kleemans(2011),1,130,0.261,1,1,1,6.09,1,1,1
yxj32,Kleemans(2011),1,130,0.254,1,1,1,6.09,1,1,1
yxj32,Kleemans(2011),1,130,0.285,1,1,1,6.09,1,1,1
yxj32,Kleemans(2011),1,130,0.376,1,1,1,6.09,1,1,1
yxj32,Kleemans(2011),1,130,0.391,1,1,1,6.09,1,1,1
yxj32,Kleemans(2011),1,130,0.3,1,1,1,6.09,1,1,1
yxj32,Kleemans(2011),1,130,0.437,1,1,1,6.09,1,1,1
yxj32,Kleemans(2011),1,130,0.432,1,1,1,6.09,1,1,1
yxj32,Kleemans(2011),1,130,0.389,1,1,1,6.09,1,1,1
yxj32,Kleemans(2011),1,130,0.371,1,1,1,6.09,1,1,1
yxj32,Kleemans(2011),1,130,0.529,1,1,1,6.09,1,1,1
yxj32,Kleemans(2011),1,130,0.465,1,1,1,6.09,1,1,1
yxj32,Kleemans(2011),1,130,0.499,1,1,1,6.09,1,1,1
yxj32,Kleemans(2011),1,130,0.412,1,1,1,6.09,1,1,1
yxj32,Kleemans(2011),1,130,0.518,1,1,1,6.09,1,1,1
yxj32,Kleemans(2011),1,130,0.404,1,1,1,6.09,1,1,1
yxj32,Kleemans(2011),1,130,0.32,1,1,1,6.09,1,1,1
yxj32,Kleemans(2011),1,130,0.208,1,1,1,6.09,1,1,1
yxj32,Kleemans(2011),1,130,0.341,1,1,1,6.09,1,1,1
yxj32,Kleemans(2011),1,130,0.645,1,1,1,6.09,1,1,1
yxj33,Kleemans(2014),1,129,0.222,3,2,2,8.28,2,1,1
yxj33,Kleemans(2014),1,129,0.207,3,2,2,8.28,2,1,1
yxj33,Kleemans(2014),1,129,0.379,1,2,2,8.28,2,1,1
yxj33,Kleemans(2014),1,129,0.233,1,2,2,8.28,2,1,1
yxj34,Kleemans(2011)2,1,172,0.551,3,1,1,6.11,1,4,1
yxj34,Kleemans(2011)2,1,172,0.076,3,1,1,6.11,1,4,1
yxj34,Kleemans(2011)2,1,172,0.209,2,1,1,6.11,1,4,1
yxj34,Kleemans(2011)2,1,172,0.17,2,1,1,6.11,1,4,1
yxj34,Kleemans(2011)2,1,172,0.638,1,1,1,6.11,1,4,1
yxj34,Kleemans(2011)2,1,172,0.135,1,1,1,6.11,1,4,1
yxj35,Kroesbergen(2007),1,240,0.218,3,1,1,5.89,1,1,1
yxj35,Kroesbergen(2007),1,240,0.248,3,1,1,5.89,1,1,1
yxj35,Kroesbergen(2007),1,240,0.296,3,1,1,5.89,1,1,1
yxj35,Kroesbergen(2007),1,240,0.355,3,1,1,5.89,1,1,1
yxj35,Kroesbergen(2007),1,240,0.209,3,1,1,5.89,1,1,1
yxj35,Kroesbergen(2007),1,240,0.187,3,1,1,5.89,1,1,1
yxj35,Kroesbergen(2007),1,240,0.174,3,1,1,5.89,1,1,1
yxj36_1,Kyttala(2010),1,25,-0.22,3,1,1,5.71,1,1,1
yxj36_2,Kyttala(2010),1,25,0.3,3,1,1,5.67,1,2,1
yxj37_1,Kyttala(2014),1,61,0.37,3,3,1,5.32,1,1,1
yxj37_2,Kyttala(2014),1,55,0.17,3,3,1,6.52,1,1,1
yxj38,Manolitsis(2013),1,82,0.51,1,1,1,5.39,1,1,1
yxj38,Manolitsis(2013),1,82,0.46,1,1,1,5.39,1,1,1
yxj38,Manolitsis(2013),1,82,0.6,1,1,1,,1,1,1
yxj38,Manolitsis(2013),1,82,0.67,1,1,1,,1,1,1
yxj39,Mazzocco(2003),1,209,0.458,2,1,1,5.79,1,4,1
yxj39,Mazzocco(2003),1,209,0.254,2,1,1,6.77,2,4,1
yxj39,Mazzocco(2003),1,209,0.348,2,1,1,6.77,2,4,1
yxj39,Mazzocco(2003),1,209,0.258,2,1,1,7.77,2,4,1
yxj39,Mazzocco(2003),1,209,0.288,2,1,1,7.77,2,4,1
yxj39,Mazzocco(2003),1,209,0.188,2,1,1,8.66,2,4,1
yxj39,Mazzocco(2003),1,209,0.256,2,1,1,8.66,2,4,1
yxj40_1,McGrew(1995),1,113,0.22,3,3,1,5,,1,1
yxj40_2,McGrew(1995),1,301,0.11,3,3,1,6,,1,1
yxj40_3,McGrew(1995),1,229,0.12,3,3,1,7,,1,1
yxj40_4,McGrew(1995),1,324,0.06,3,3,1,8,,1,1
yxj40_5,McGrew(1995),1,305,0.14,3,3,1,9,,1,1
yxj40_6,McGrew(1995),1,311,0.15,3,3,1,10,,1,1
yxj40_7,McGrew(1995),1,237,0.05,3,3,1,11,,1,1
yxj40_8,McGrew(1995),1,169,0.12,3,3,1,12,,1,1
yxj41,Michalczyk(2013),1,1343,0.53,1,1,1,5.83,1,1,1
yxj41,Michalczyk(2013),1,1343,0.52,1,1,1,5.83,1,1,1
yxj41,Michalczyk(2013),1,1343,0.33,3,1,1,5.83,1,1,1
yxj41,Michalczyk(2013),1,1343,0.36,3,1,1,5.83,1,1,1
yxj41,Michalczyk(2013),1,1343,0.43,3,1,1,5.83,1,1,1
yxj41,Michalczyk(2013),1,1343,0.44,3,1,1,5.83,1,1,1
yxj42_1,Moll(2015),1,93,0.46,1,1,1,4.75,,4,1
yxj42_1,Moll(2015),1,93,0.46,1,1,1,4.75,,4,1
yxj42_2,Moll(2015),1,76,0.32,1,1,1,4.64,,1,1
yxj42_2,Moll(2015),1,76,0.47,1,1,1,4.64,,1,1
yxj43_1,Navarro(2011),1,118,0.27,2,1,1,4.47,,1,1
yxj43_1,Navarro(2011),1,118,0.64,2,1,1,4.47,,1,1
yxj43_1,Navarro(2011),1,118,0.323,2,1,1,4.47,,1,1
yxj43_1,Navarro(2011),1,118,0.336,2,1,1,4.47,,1,1
yxj43_2,Navarro(2011),1,87,0.329,2,1,1,5.5,,1,1
yxj43_2,Navarro(2011),1,87,0.276,2,1,1,5.5,,1,1
yxj43_2,Navarro(2011),1,87,0.288,2,1,1,5.5,,1,1
yxj43_2,Navarro(2011),1,87,0.301,2,1,1,5.5,,1,1
yxj43_2,Navarro(2011),1,87,0.424,1,1,1,5.5,,1,1
yxj43_3,Navarro(2011),1,92,0.242,2,1,1,6.46,,1,1
yxj43_3,Navarro(2011),1,92,0.185,2,1,1,6.46,,1,1
yxj43_3,Navarro(2011),1,92,0.124,2,1,1,6.46,,1,1
yxj43_3,Navarro(2011),1,92,0.321,2,1,1,6.46,,1,1
yxj43_3,Navarro(2011),1,92,0.212,3,1,1,6.46,,1,1
yxj43_3,Navarro(2011),1,92,0.422,1,1,1,6.46,,1,1
yxj43_4,Navarro(2011),1,127,0.165,2,1,1,7.5,,1,1
yxj43_4,Navarro(2011),1,127,0.382,2,1,1,7.5,,1,1
yxj43_4,Navarro(2011),1,127,0.398,2,1,1,7.5,,1,1
yxj43_4,Navarro(2011),1,127,0.259,2,1,1,7.5,,1,1
yxj43_4,Navarro(2011),1,127,0.186,3,1,1,7.5,,1,1
yxj43_4,Navarro(2011),1,127,0.247,1,1,1,7.5,,1,1
yxj44,Noel(2009),1,42,0.15,3,2,1,5.42,1,1,1
yxj44,Noel(2009),1,42,0.21,2,2,1,5.42,1,1,1
yxj45,Ostergren(2013),1,315,0.42,1,1,1,6.62,1,1,1
yxj45,Ostergren(2013),1,315,0.46,1,1,1,6.62,1,1,1
yxj45,Ostergren(2013),1,315,0.45,1,1,1,6.62,1,1,1
yxj45,Ostergren(2013),1,315,0.42,1,1,1,6.62,1,1,1
yxj45,Ostergren(2013),1,315,0.54,1,3,1,6.62,1,1,1
yxj45,Ostergren(2013),1,315,0.49,1,3,1,6.62,1,1,1
yxj46_1,Passolunghi(2008),1,72,0.08,3,1,1,,2,1,1
yxj46_1,Passolunghi(2008),1,72,0.18,3,1,1,,2,1,1
yxj46_1,Passolunghi(2008),1,72,0.11,3,1,1,,2,1,1
yxj46_1,Passolunghi(2008),1,72,0.12,3,1,1,,2,1,1
yxj46_1,Passolunghi(2008),1,72,0.23,1,1,1,,2,1,1
yxj46_1,Passolunghi(2008),1,72,0.06,1,1,1,,2,1,1
yxj46_1,Passolunghi(2008),1,72,0.15,1,1,1,,2,1,1
yxj46_1,Passolunghi(2008),1,72,0.18,1,1,1,,2,1,1
yxj46_1,Passolunghi(2008),1,72,0.18,1,1,1,,2,1,1
yxj46_1,Passolunghi(2008),1,72,0.19,1,1,1,,2,1,1
yxj46_1,Passolunghi(2008),1,72,0.15,3,1,1,,2,1,1
yxj46_2,Passolunghi(2008),1,72,0.03,3,1,1,,2,1,1
yxj46_2,Passolunghi(2008),1,72,0.01,1,1,1,,2,1,1
yxj46_2,Passolunghi(2008),1,72,0.21,1,1,1,,2,1,1
yxj46_2,Passolunghi(2008),1,72,0.15,1,1,1,,2,1,1
yxj46_2,Passolunghi(2008),1,72,0.19,3,1,1,,2,1,1
yxj46_2,Passolunghi(2008),1,72,0.16,3,1,1,,2,1,1
yxj46_2,Passolunghi(2008),1,72,0.15,1,1,1,,2,1,1
yxj46_2,Passolunghi(2008),1,72,0.27,1,1,1,,2,1,1
yxj46_2,Passolunghi(2008),1,72,0.1,1,1,1,,2,1,1
yxj47,Passolunghi(2007),1,170,0.11,3,1,1,6.33,2,1,1
yxj47,Passolunghi(2007),1,170,0.02,3,1,1,6.33,2,1,1
yxj47,Passolunghi(2007),1,170,0.13,3,1,1,6.33,2,1,1
yxj47,Passolunghi(2007),1,170,0.04,3,1,1,6.33,2,1,1
yxj47,Passolunghi(2007),1,170,0.17,3,1,1,6.33,2,1,1
yxj47,Passolunghi(2007),1,170,0.06,3,1,1,6.33,2,1,1
yxj47,Passolunghi(2007),1,170,0.01,3,1,2,6.33,2,1,1
yxj47,Passolunghi(2007),1,170,0.01,3,1,1,6.33,2,1,1
yxj47,Passolunghi(2007),1,170,0.37,3,1,1,6.33,2,1,1
yxj47,Passolunghi(2007),1,170,0.02,3,1,1,6.33,2,1,1
yxj47,Passolunghi(2007),1,170,0.28,3,1,1,6.33,2,1,1
yxj47,Passolunghi(2007),1,170,0.05,3,1,1,6.33,2,1,1
yxj47,Passolunghi(2007),1,170,0.05,3,1,1,6.33,2,1,1
yxj47,Passolunghi(2007),1,170,0.07,3,1,1,6.33,2,1,1
yxj47,Passolunghi(2007),1,170,-0.05,3,1,2,6.33,2,1,1
yxj47,Passolunghi(2007),1,170,0.3,3,1,1,6.33,2,1,1
yxj47,Passolunghi(2007),1,170,0.13,1,1,1,6.33,2,1,1
yxj47,Passolunghi(2007),1,170,0.03,1,1,1,6.33,2,1,1
yxj47,Passolunghi(2007),1,170,0.16,1,1,1,6.33,2,1,1
yxj47,Passolunghi(2007),1,170,0.09,1,1,1,6.33,2,1,1
yxj47,Passolunghi(2007),1,170,-0.15,1,1,1,6.33,2,1,1
yxj47,Passolunghi(2007),1,170,0.07,1,1,1,6.33,2,1,1
yxj47,Passolunghi(2007),1,170,0.03,1,1,2,6.33,2,1,1
yxj47,Passolunghi(2007),1,170,0.13,1,1,1,6.33,2,1,1
yxj47,Passolunghi(2007),1,170,0.28,1,1,1,6.33,2,1,1
yxj47,Passolunghi(2007),1,170,0.05,1,1,1,6.33,2,1,1
yxj47,Passolunghi(2007),1,170,0.28,1,1,1,6.33,2,1,1
yxj47,Passolunghi(2007),1,170,0.03,1,1,1,6.33,2,1,1
yxj47,Passolunghi(2007),1,170,0.01,1,1,1,6.33,2,1,1
yxj47,Passolunghi(2007),1,170,0.08,1,1,1,6.33,2,1,1
yxj47,Passolunghi(2007),1,170,0.07,1,1,2,6.33,2,1,1
yxj47,Passolunghi(2007),1,170,0.27,1,1,1,6.33,2,1,1
yxj47,Passolunghi(2007),1,170,0.29,1,1,1,6.33,2,1,1
yxj47,Passolunghi(2007),1,170,0.06,1,1,1,6.33,2,1,1
yxj47,Passolunghi(2007),1,170,0.29,1,1,1,6.33,2,1,1
yxj47,Passolunghi(2007),1,170,0.02,1,1,1,6.33,2,1,1
yxj47,Passolunghi(2007),1,170,-0.05,1,1,1,6.33,2,1,1
yxj47,Passolunghi(2007),1,170,0.07,1,1,1,6.33,2,1,1
yxj47,Passolunghi(2007),1,170,0.06,1,1,2,6.33,2,1,1
yxj47,Passolunghi(2007),1,170,0.34,1,1,1,6.33,2,1,1
yxj47,Passolunghi(2007),1,170,0.13,1,1,1,6.33,2,1,1
yxj47,Passolunghi(2007),1,170,0.47,1,1,1,6.33,2,1,1
yxj47,Passolunghi(2007),1,170,0.12,1,1,1,6.33,2,1,1
yxj47,Passolunghi(2007),1,170,0,1,1,1,6.33,2,1,1
yxj47,Passolunghi(2007),1,170,0.09,1,1,1,6.33,2,1,1
yxj47,Passolunghi(2007),1,170,0.02,1,1,1,6.33,2,1,1
yxj47,Passolunghi(2007),1,170,0.02,1,1,2,6.33,2,1,1
yxj47,Passolunghi(2007),1,170,0.06,1,1,1,6.33,2,1,1
yxj48,Passolunghi(2012),1,70,-0.17,3,1,1,5.17,1,1,1
yxj48,Passolunghi(2012),1,70,0.42,1,1,1,5.17,1,1,1
yxj48,Passolunghi(2012),1,70,0.31,1,1,1,5.17,1,1,1
yxj48,Passolunghi(2012),1,70,0.43,1,1,1,5.17,1,1,1
yxj48,Passolunghi(2012),1,70,0.32,1,1,1,5.17,1,1,1
yxj48,Passolunghi(2012),1,70,0.4,1,1,1,5.17,1,1,1
yxj48,Passolunghi(2012),1,70,0.19,1,1,1,5.17,1,1,1
yxj48,Passolunghi(2012),1,70,0.5,1,1,1,5.17,1,1,1
yxj48,Passolunghi(2012),1,70,0.1,1,1,1,5.17,1,1,1
yxj49,Passolunghi(2015),1,88,0.34,1,1,1,5.25,1,1,1
yxj49,Passolunghi(2015),1,88,0.33,1,1,1,5.25,1,1,1
yxj49,Passolunghi(2015),1,88,0.5,1,1,1,5.25,1,1,1
yxj49,Passolunghi(2015),1,88,0.42,1,1,1,5.25,1,1,1
yxj49,Passolunghi(2015),1,88,0.39,1,1,1,5.25,1,1,1
yxj49,Passolunghi(2015),1,88,0.51,1,1,1,5.25,1,1,1
yxj49,Passolunghi(2015),1,88,0.34,1,1,1,5.25,1,1,1
yxj49,Passolunghi(2015),1,88,0.29,1,1,1,5.25,1,1,1
yxj49,Passolunghi(2015),1,88,0.45,1,1,1,5.25,1,1,1
yxj49,Passolunghi(2015),1,88,0.28,1,1,1,5.25,1,1,1
yxj49,Passolunghi(2015),1,88,0.2,1,1,1,5.25,1,1,1
yxj49,Passolunghi(2015),1,88,0.15,1,1,1,5.25,1,1,1
yxj49,Passolunghi(2015),1,88,0.29,3,1,1,5.25,1,1,1
yxj49,Passolunghi(2015),1,88,0.17,3,1,1,5.25,1,1,1
yxj50,Passolunghi(2004),1,49,0.03,3,1,2,10.33,3,4,1
yxj50,Passolunghi(2004),1,49,0.02,3,1,2,10.33,3,4,1
yxj50,Passolunghi(2004),1,49,-0.22,3,1,1,10.33,3,4,1
yxj50,Passolunghi(2004),1,49,0.11,3,1,2,10.33,3,4,1
yxj50,Passolunghi(2004),1,49,0.12,3,1,1,10.33,3,4,1
yxj50,Passolunghi(2004),1,49,0.09,3,1,2,10.33,3,4,1
yxj50,Passolunghi(2004),1,49,0.12,3,1,2,10.33,3,4,1
yxj50,Passolunghi(2004),1,49,0.26,3,1,1,10.33,3,4,1
yxj50,Passolunghi(2004),1,49,0.06,3,1,2,10.33,3,4,1
yxj50,Passolunghi(2004),1,49,0.06,3,1,1,10.33,3,4,1
yxj51,Pauly(2011),1,541,0.23,2,1,1,5.78,1,1,1
yxj51,Pauly(2011),1,541,0.17,2,1,1,5.78,1,1,1
yxj51,Pauly(2011),1,541,0.1,2,1,1,5.78,1,1,1
yxj51,Pauly(2011),1,541,0.15,2,1,1,5.78,1,1,1
yxj52,Peng(2017),1,104,0.37,2,1,1,6.03,1,1,1
yxj52,Peng(2017),1,104,0.31,2,1,1,6.03,1,1,1
yxj52,Peng(2017),1,104,0.32,2,1,1,6.03,1,1,1
yxj52,Peng(2017),1,104,0.36,2,2,2,6.03,1,1,1
yxj52,Peng(2017),1,104,0.25,2,3,1,6.03,1,1,1
yxj53,Piselli(2017),0,4140,0.446,1,3,1,12.32,,1,1
yxj53,Piselli(2017),0,4140,0.25,2,3,1,12.32,,1,1
yxj53,Piselli(2017),0,4140,0.201,1,1,2,12.32,,1,1
yxj53,Piselli(2017),0,4140,0.314,2,1,2,12.32,,1,1
yxj54_1,Rasmussen et al (2011),1,21,0.53,3,1,1,5.08,1,4,1
yxj54_1,Rasmussen et al (2011),1,21,0.62,3,1,1,5.08,1,4,1
yxj54_1,Rasmussen et al (2011),1,21,0.53,3,3,1,5.08,1,4,1
yxj54_1,Rasmussen et al (2011),1,21,0.58,3,3,1,5.08,1,4,1
yxj54_2,Rasmussen et al (2011),1,20,0.5,3,1,1,5.67,1,1,1
yxj54_2,Rasmussen et al (2011),1,20,0.33,3,1,1,5.67,1,1,1
yxj54_2,Rasmussen et al (2011),1,20,0.43,3,3,1,5.67,1,1,1
yxj54_2,Rasmussen et al (2011),1,20,0.68,3,3,1,5.67,1,1,1
yxj55,Swanson (2006),1,127,0.5,2,2,2,7.5,2,1,1
yxj55,Swanson (2006),1,127,0.56,2,2,2,7.5,2,1,1
yxj55,Swanson (2006),1,127,0.13,3,2,2,7.5,2,1,1
yxj55,Swanson (2006),1,127,0.15,3,2,2,7.5,2,1,1
yxj55,Swanson (2006),1,127,0.55,2,2,2,7.5,2,1,1
yxj55,Swanson (2006),1,127,0.51,2,2,2,7.5,2,1,1
yxj55,Swanson (2006),1,127,0.09,3,3,2,7.5,2,1,1
yxj55,Swanson (2006),1,127,0.15,3,3,2,7.5,2,1,1
yxj56,Swanson et al (2016),1,392,0.35,2,2,2,8.39,2,1,1
yxj56,Swanson et al (2016),1,392,0.22,2,1,1,8.39,2,1,1
yxj56,Swanson et al (2016),1,392,0.19,2,3,1,8.39,2,1,1
yxj57,Swanson et al (2008),1,353,0.6,2,2,2,,2,1,1
yxj57,Swanson et al (2008),1,353,0.43,2,3,1,,2,1,1
yxj58,Swanson et al (2007),1,353,0.17,3,2,2,8.125,,1,1
yxj58,Swanson et al (2007),1,353,0.19,3,2,2,8.125,,1,1
yxj58,Swanson et al (2007),1,353,0.28,3,2,2,8.125,,1,1
yxj58,Swanson et al (2007),1,353,0.29,3,2,2,8.125,,1,1
yxj58,Swanson et al (2007),1,353,0.56,2,2,2,8.125,,1,1
yxj58,Swanson et al (2007),1,353,0.59,2,2,2,8.125,,1,1
yxj58,Swanson et al (2007),1,353,0.61,2,2,2,8.125,,1,1
yxj58,Swanson et al (2007),1,353,0.64,2,2,2,8.125,,1,1
yxj59,Tang (2016)unpublished,0,80,0.46,3,2,2,7.75,,1,1
yxj59,Tang (2016)unpublished,0,80,0.6,3,3,1,7.75,,1,1
yxj59,Tang (2016)unpublished,0,80,0.24,3,2,2,8.75,,1,1
yxj59,Tang (2016)unpublished,0,80,0.4,3,3,1,8.75,,1,1
yxj59,Tang (2016)unpublished,0,80,0.45,3,2,2,9.75,,1,1
yxj59,Tang (2016)unpublished,0,80,0.6,3,3,1,9.75,,1,1
yxj60,Vanbinst et al (2016),1,74,0.28,1,2,1,8.17,2,1,1
yxj60,Vanbinst et al (2016),1,74,0.21,1,2,2,9.17,2,1,1
yxj61_1,Hecht et al (2001),1,201,0.37,3,2,1,7.71,2,1,1
yxj61_1,Hecht et al (2001),1,201,0.37,3,2,1,8.7,2,1,1
yxj61_2,Hecht et al (2001),1,201,0.42,3,2,1,10.2,2,1,1
yxj61_2,Hecht et al (2001),1,201,0.33,3,2,2,10.2,2,1,1
yxj61_3,Hecht et al (2001),1,201,0.41,3,2,1,11.2,2,1,1
yxj61_4,Hecht et al (2001),1,201,0.38,3,2,2,11.2,2,1,1
yxj62,Fuchs et al (2005),1,272,0.24,2,2,1, ,2,4,2
yxj62,Fuchs et al (2005),1,272,0.29,2,2,1, ,2,4,2
yxj62,Fuchs et al (2005),1,272,0.19,2,3,1, ,2,4,2
yxj62,Fuchs et al (2005),1,272,0.27,2,1,1, ,2,4,2
yxj62,Fuchs et al (2005),1,272,0.36,1,2,1, ,2,4,2
yxj62,Fuchs et al (2005),1,272,0.22,1,2,1, ,2,4,2
yxj62,Fuchs et al (2005),1,272,0.41,1,3,1, ,2,4,2
yxj62,Fuchs et al (2005),1,272,0.3,1,1,1, ,2,4,2
yxj62,Fuchs et al (2005),1,272,0.31,3,2,1, ,2,4,2
yxj62,Fuchs et al (2005),1,272,0.33,3,2,1, ,2,4,2
yxj62,Fuchs et al (2005),1,272,0.45,3,3,1, ,2,4,2
yxj62,Fuchs et al (2005),1,272,0.3,3,1,1, ,2,4,2
yxj63,Fuchs et al (2010),1,312,0.42,3,2,1, ,2,1,2
yxj63,Fuchs et al (2010),1,312,0.61,3,3,1, ,2,1,2
yxj63,Fuchs et al (2010),1,312,0.42,3,2,1, ,2,1,2
yxj63,Fuchs et al (2010),1,312,0.46,3,3,1, ,2,1,2
yxj64,Hannula et al (2010),1,139,0.37,1,2,1,,,1,2
yxj64,Hannula et al (2010),1,139,0.25,2,2,1,,,1,2
yxj65,Cowan et al (2011),1,259,0.2,3,2,2,,2,1,2
yxj65,Cowan et al (2011),1,259,0.23,3,1,1,,2,1,2
yxj66,Fuchs et al (2012),1,279,0.21,3,2,1,,2,1,2
yxj66,Fuchs et al (2012),1,279,0.38,3,3,1,,2,1,2
yxj66,Fuchs et al (2012),1,279,0.26,3,2,1,,2,1,2
yxj66,Fuchs et al (2012),1,279,0.29,3,3,1,,2,1,2
yxj67,Georgiou et al (2013),1,72,0.2,2,1,1,,1,1,2
yxj67,Georgiou et al (2013),1,72,0.2,2,2,2,,,1,2
yxj67,Georgiou et al (2013),1,72,0.38,2,1,1,,1,1,2
yxj67,Georgiou et al (2013),1,72,0.4,2,2,2,,,1,2
yxj67,Georgiou et al (2013),1,72,0.35,3,1,1,,1,1,2
yxj67,Georgiou et al (2013),1,72,0.32,3,2,2,,,1,2
yxj67,Georgiou et al (2013),1,72,0.38,1,1,1,,1,1,2
yxj67,Georgiou et al (2013),1,72,0.36,1,2,2,,,1,2
yxj68,Cowan et al (2014),1,258,0.3,3,1,1,,2,1,2
yxj68,Cowan et al (2014),1,258,0.22,3,1,1,,2,1,2
yxj68,Cowan et al (2014),1,258,0.35,3,2,1,,2,1,2
yxj68,Cowan et al (2014),1,258,0.4,3,3,1,,2,1,2
yxj69,Foster et al (2015),1,208,0.49,1,,1,,1,1,2
yxj69,Foster et al (2015),1,208,0.51,1,3,1,,1,1,2
yxj69,Foster et al (2015),1,208,0.34,2,,1,,1,1,2
yxj69,Foster et al (2015),1,208,0.28,2,3,1,,1,1,2
yxj69,Foster et al (2015),1,208,0.1,3,,1,,1,1,2
yxj69,Foster et al (2015),1,208,0.29,3,3,1,,1,1,2
yxj70,Cirino et al (2018),1,193,0.53,1,2,1,,,1,2
yxj70,Cirino et al (2018),1,193,0.49,1,2,2,,,1,2
yxj70,Cirino et al (2018),1,193,0.63,1,3,1,,,1,2
yxj70,Cirino et al (2018),1,193,0.4,2,2,1,,,1,2
yxj70,Cirino et al (2018),1,193,0.46,2,2,2,,,1,2
yxj70,Cirino et al (2018),1,193,0.45,2,3,1,,,1,2
yxj71,Hart（2009）,1,168,0.26,2,2,1,,,1,2
yxj71,Hart（2009）,1,168,0.32,2,2,1,,,1,2
yxj71,Hart（2009）,1,168,0.28,2,2,2,,,1,2
yxj71,Hart（2009）,1,168,0.43,2,2,2,,,1,2
yxj71,Hart（2009）,1,168,0.23,2,3,1,,,1,2
yxj71,Hart（2009）,1,168,0.28,2,3,1,,,1,2
yxj71,Hart（2009）,1,168,0.2,2,1,1,,,1,2
yxj71,Hart（2009）,1,168,0.26,2,1,1,,,1,2
yxj71,Hart（2009）,1,168,0.17,2,2,1,,,1,2
yxj71,Hart（2009）,1,168,0.25,2,2,1,,,1,2
yxj71,Hart（2009）,1,168,0.19,2,2,2,,,1,2
yxj71,Hart（2009）,1,168,0.38,2,2,2,,,1,2
yxj71,Hart（2009）,1,168,0.08,2,3,1,,,1,2
yxj71,Hart（2009）,1,168,0.23,2,3,1,,,1,2
yxj71,Hart（2009）,1,168,0.12,2,1,1,,,1,2
yxj71,Hart（2009）,1,168,0.22,2,1,1,,,1,2
yxj71,Hart（2009）,1,168,0.16,2,2,1,,,1,2
yxj71,Hart（2009）,1,168,0.15,2,2,1,,,1,2
yxj71,Hart（2009）,1,168,0.32,2,2,2,,,1,2
yxj71,Hart（2009）,1,168,0.41,2,2,2,,,1,2
yxj71,Hart（2009）,1,168,0.09,2,3,1,,,1,2
yxj71,Hart（2009）,1,168,0.21,2,3,1,,,1,2
yxj71,Hart（2009）,1,168,0.14,2,1,1,,,1,2
yxj71,Hart（2009）,1,168,0.2,2,1,1,,,1,2
yxj72,Hornung(2014),1,165,0.43,3,1,1,,,1,2
yxj72,Hornung(2014),1,165,0.32,3,1,1,,,1,2
yxj73,Kleemans(2012),1,160,0.54,3,2,2,,,4,2
yxj73,Kleemans(2012),1,160,0.42,3,2,2,,,4,2
yxj73,Kleemans(2012),1,160,0.264,2,2,2,,,4,2
yxj73,Kleemans(2012),1,160,0.17,2,2,2,,,4,2
yxj73,Kleemans(2012),1,160,0.585,1,2,2,,,4,2
yxj73,Kleemans(2012),1,160,0.482,1,2,2,,,4,2
yxj74,Koponen(2007),1,178,0.46,2,2,2,,,1,2
yxj74,Koponen(2007),1,178,0.42,1,2,2,,,1,2
yxj74,Koponen(2007),1,178,0.45,2,2,1,,,1,2
yxj74,Koponen(2007),1,178,0.34,1,2,1,,,1,2
yxj75,Riikka(2019),1,200,0.52,1,2,2,,,1,2
yxj75,Riikka(2019),1,200,0.48,2,2,2,,,1,2
yxj75,Riikka(2019),1,200,0.36,3,2,2,,,1,2
yxj76_6,Koponen(2013),1,47,0.36,2,1,1,,,2,2
yxj76_6,Koponen(2013),1,47,0.26,2,2,2,,,2,2
yxj76_5,Koponen(2013),1,153,0.55,2,1,1,,,1,2
yxj76_5,Koponen(2013),1,153,0.36,2,2,2,,,1,2
yxj76_2,Koponen(2013),1,180,0.36,2,1,1,,,4,2
yxj76_2,Koponen(2013),1,180,0.32,2,1,1,,,4,2
yxj76_2,Koponen(2013),1,180,0.25,2,1,1,,,4,2
yxj76_2,Koponen(2013),1,180,0.29,1,1,1,,,4,2
yxj76_2,Koponen(2013),1,180,0.32,1,1,1,,,4,2
yxj76_2,Koponen(2013),1,180,0.32,1,1,1,,,4,2
yxj76_2,Koponen(2013),1,180,0.24,3,1,1,,,4,2
yxj76_2,Koponen(2013),1,180,0.09,3,1,1,,,4,2
yxj76_2,Koponen(2013),1,180,0.15,3,1,1,,,4,2
yxj76_1,Koponen(2013),1,191,0.36,2,1,1,,,4,2
yxj76_1,Koponen(2013),1,191,0.42,2,1,1,,,4,2
yxj76_1,Koponen(2013),1,191,0.3,2,1,1,,,4,2
yxj76_1,Koponen(2013),1,191,0.34,1,1,1,,,4,2
yxj76_1,Koponen(2013),1,191,0.34,1,1,1,,,4,2
yxj76_1,Koponen(2013),1,191,0.27,1,1,1,,,4,2
yxj76_1,Koponen(2013),1,191,0.28,3,1,1,,,4,2
yxj76_1,Koponen(2013),1,191,0.1,3,1,1,,,4,2
yxj76_1,Koponen(2013),1,191,0.3,3,1,1,,,4,2
yxj76_3,Koponen(2013),1,195,0.42,2,2,2,,,4,2
yxj76_3,Koponen(2013),1,195,0.37,2,2,2,,,4,2
yxj76_3,Koponen(2013),1,195,0.29,2,2,2,,,4,2
yxj76_3,Koponen(2013),1,195,0.29,1,2,2,,,4,2
yxj76_3,Koponen(2013),1,195,0.28,1,2,2,,,4,2
yxj76_3,Koponen(2013),1,195,0.36,1,2,2,,,4,2
yxj76_3,Koponen(2013),1,195,0.31,3,2,2,,,4,2
yxj76_3,Koponen(2013),1,195,0.12,3,2,2,,,4,2
yxj76_3,Koponen(2013),1,195,0.32,3,2,2,,,4,2
yxj76_4,Koponen(2013),1,198,0.34,2,2,2,,,4,2
yxj76_4,Koponen(2013),1,198,0.37,2,2,2,,,4,2
yxj76_4,Koponen(2013),1,198,0.28,2,2,2,,,4,2
yxj76_4,Koponen(2013),1,198,0.18,1,2,2,,,4,2
yxj76_4,Koponen(2013),1,198,0.19,1,2,2,,,4,2
yxj76_4,Koponen(2013),1,198,0.28,1,2,2,,,4,2
yxj76_4,Koponen(2013),1,198,0.23,3,2,2,,,4,2
yxj76_4,Koponen(2013),1,198,0.02,3,2,2,,,4,2
yxj76_4,Koponen(2013),1,198,0.24,3,2,2,,,4,2
yxj77_1,Koponen(2016),1,364,0.31,2,2,2,,,4,2
yxj77_1,Koponen(2016),1,364,0.27,2,2,2,,,4,2
yxj77_1,Koponen(2016),1,364,0.14,1,2,2,,,4,2
yxj77_1,Koponen(2016),1,364,0.15,3,2,2,,,4,2
yxj77_2,Koponen(2016),1,362,0.36,2,2,2,,,4,2
yxj77_2,Koponen(2016),1,362,0.31,2,2,2,,,4,2
yxj77_2,Koponen(2016),1,362,0.21,1,2,2,,,4,2
yxj77_2,Koponen(2016),1,362,0.17,3,2,2,,,4,2
yxj78,Korhonen(2018),1,613,0.22,3,1,1,,2,1,1
yxj78,Korhonen(2018),1,613,0.24,3,1,1,,2,1,1
yxj78,Korhonen(2018),1,613,0.15,3,1,1,,2,1,1
yxj78,Korhonen(2018),1,613,0.26,3,1,1,,2,1,1
yxj78,Korhonen(2018),1,613,0.21,3,2,1,,2,1,1
yxj78,Korhonen(2018),1,612,0.19,3,3,1,,2,1,1
yxj79,Krajewski(2009),1,108,0.3,3,1,1,,,1,2
yxj79,Krajewski(2009),1,108,0.38,3,1,1,,,1,2
yxj79,Krajewski(2009),1,108,0.37,3,1,1,,,1,2
yxj79,Krajewski(2009),1,108,0.31,3,1,1,,,1,2
yxj79,Krajewski(2009),1,108,0.34,3,1,1,,,1,2
yxj79,Krajewski(2009),1,108,0.51,1,1,1,,,1,2
yxj79,Krajewski(2009),1,108,0.33,1,1,1,,,1,2
yxj79,Krajewski(2009),1,108,0.46,1,1,1,,,1,2
yxj79,Krajewski(2009),1,108,0.44,1,1,1,,,1,2
yxj79,Krajewski(2009),1,108,0.31,3,1,1,,,1,2
yxj79,Krajewski(2009),1,108,0.36,1,1,1,,,1,2
yxj79,Krajewski(2009),1,108,0.45,1,1,1,,,1,2
yxj79,Krajewski(2009),1,108,0.35,1,1,1,,,1,2
yxj79,Krajewski(2009),1,108,0.25,1,1,1,,,1,2
yxj79,Krajewski(2009),1,108,0.32,1,1,1,,,1,2
yxj79,Krajewski(2009),1,108,0.34,1,1,1,,,1,2
yxj79,Krajewski(2009),1,108,0.4,1,1,1,,,1,2
yxj79,Krajewski(2009),1,108,0.41,1,1,1,,,1,2
yxj79,Krajewski(2009),1,108,0.52,1,1,1,,,1,2
yxj79,Krajewski(2009),1,108,0.35,1,1,1,,,1,2
yxj79,Krajewski(2009),1,108,0.47,1,1,1,,,1,2
yxj79,Krajewski(2009),1,108,0.47,1,1,1,,,1,2
yxj79,Krajewski(2009),1,108,0.45,1,1,1,,,1,2
yxj79,Krajewski(2009),1,108,0.51,1,1,1,,,1,2
yxj79,Krajewski(2009),1,82,0.42,1,1,1,,,1,2
yxj79,Krajewski(2009),1,82,0.41,1,1,1,,,1,2
yxj80_1,Martin(2011),0,193,0.493,1,2,2,,,1,2
yxj80_1,Martin(2011),0,193,0.512,1,2,1,,,1,2
yxj80_2,Martin(2011),0,93,0.39,1,2,2,,,4,2
yxj80_3,Martin(2011),0,76,0.32,1,2,2,,,1,2
yxj80_4,Martin(2011),0,305,0.36,1,3,1,,,1,2
yxj80_4,Martin(2011),0,305,0.37,1,3,1,,,1,2
yxj80_5,Martin(2011),0,70,0.11,3,1,1,,,1,2
yxj80_5,Martin(2011),0,70,0.35,1,1,1,,,1,2
yxj80_5,Martin(2011),0,70,0.37,1,1,1,,,1,2
yxj80_5,Martin(2011),0,70,0.42,1,1,1,,,1,2
yxj80_5,Martin(2011),0,70,0.25,1,1,1,,,1,2
yxj80_6,Martin(2011),0,88,0.41,1,1,1,,,1,2
yxj80_6,Martin(2011),0,88,0.47,1,1,1,,,1,2
yxj80_6,Martin(2011),0,88,0.51,1,1,1,,,1,2
yxj80_6,Martin(2011),0,88,0.13,1,1,1,,,1,2
yxj80_6,Martin(2011),0,88,0.2,3,1,1,,,1,2
yxj81,Swanson(2006),1,320,0.42,3,3,1,,,1,2
yxj81,Swanson(2006),1,320,0.41,3,2,2,,,1,2
yxj82,Zheng et al(2011),1,310,0.22,3,3,1,9.16,3,1,2
yxj82,Zheng et al(2011),1,310,0.31,3,2,1,9.16,3,1,2
yxj83,Vauras et al (1999),1,181,0.14,3,3,1,,2,1,2
yxj84,Swanson(2011),1,104,0.77,3,3,1,,,1,2
yxj84,Swanson(2011),1,104,0.63,3,3,1,,,1,2
yxj84,Swanson(2011),1,104,0.59,3,2,2,,,1,2
yxj84,Swanson(2011),1,104,0.76,1,3,1,,,1,2
yxj84,Swanson(2011),1,104,0.81,1,3,1,,,1,2
yxj84,Swanson(2011),1,104,0.79,1,2,2,,,1,2
yxj84,Swanson(2011),1,104,0.74,1,3,1,,,1,2
yxj84,Swanson(2011),1,104,0.79,1,2,2,,,1,2
yxj84,Swanson(2011),1,104,0.67,2,3,1,,,1,2
yxj84,Swanson(2011),1,104,0.63,2,3,1,,,1,2
yxj84,Swanson(2011),1,104,0.61,2,2,2,,,1,2
yxj85,Price (2016),1,150,0.27,3,1,1,9.01,2,1,1
yxj85,Price (2016),1,150,0.19,3,1,1,9.01,2,1,1
yxj85,Price (2016),1,150,0.24,3,1,1,9.01,2,1,1
yxj86,Filippetti (2017),1,118,0.84,3,1,1,10.03,,1,1
yxj86,Filippetti (2017),1,118,0.41,3,1,1,10.03,,1,1
yxj86,Filippetti (2017),1,118,0.54,3,1,1,10.03,,1,1
yxj86,Filippetti (2017),1,118,0.59,3,3,1,10.03,,1,1
yxj87,Bull (2018),1,75,0.31,3,1,1,9,,4,1
yxj87,Bull (2018),1,75,0.26,3,1,1,9,,1,1
yxj88,Yang  (2019)unpublished,0,86,0.54,3,2,1,5.83,1,1,1
yxj88,Yang  (2019)unpublished,0,86,0.53,3,3,1,5.83,1,1,1
yxj88,Yang  (2019)unpublished,0,86,0.5,1,2,1,5.83,1,1,1
yxj88,Yang  (2019)unpublished,0,86,0.58,1,3,1,5.83,1,1,1
yxj88,Yang  (2019)unpublished,0,86,0.45,2,2,1,5.83,1,1,1
yxj88,Yang  (2019)unpublished,0,86,0.39,2,3,1,5.83,1,1,1
yxj88,Yang  (2019)unpublished,0,88,0.41,2,2,2,6.66,2,1,1
yxj88,Yang  (2019)unpublished,0,88,0.59,2,2,2,7.2,2,1,2
yxj88,Yang  (2019)unpublished,0,88,0.57,2,2,2,7.74,2,1,1
yxj89,Holmes (2016)unpublished,0,148,0.09,3,3,1,8.91,,1,1
yxj89,Holmes (2016)unpublished,0,148,0.1,3,3,1,8.91,,1,1
yxj89,Holmes (2016)unpublished,0,148,0.09,3,3,1,8.91,,1,1
yxj89,Holmes (2016)unpublished,0,148,0.15,3,3,2,8.91,,1,1
yxj90_1,Zhou (2015),1,120,0.3,3,2,2,8.89,2,1,1
yxj90_2,Zhou (2015),1,146,0.24,3,2,2,9.83,3,1,1
yxj90_3,Zhou (2015),1,158,0.08,3,2,2,10.89,3,1,1
yxj91,Swanson(2004),1,353,0.58,2,3,1,,2,4,
yxj91,Swanson(2004),1,353,0.63,2,2,1,,2,4,
yxj91,Swanson(2004),1,353,0.63,2,3,1,,2,4,
yxj91,Swanson(2004),1,353,0.62,2,2,1,,2,4,
yxj92,zhang et al (2017),1,378,0.15,1,1,1,7.16,1.5,1,2
yxj92,zhang et al (2017),1,378,0.21,1,1,1,7.16,1.5,1,2
yxj92,zhang et al (2017),1,378,0.14,1,2,1,8.58,2,1,2
yxj92,zhang et al (2017),1,378,0.16,1,3,1,8.58,2,1,2
yxj92,zhang et al (2017),1,378,0.22,2,1,1,7.16,1.5,1,2
yxj92,zhang et al (2017),1,378,0.29,2,1,1,7.16,1.5,1,2
yxj92,zhang et al (2017),1,378,0.3,2,2,1,8.58,2,1,2
yxj92,zhang et al (2017),1,378,0.23,2,3,1,8.58,2,1,2
yxj92,zhang et al (2017),1,378,0.16,3,1,1,7.16,1.5,1,2
yxj92,zhang et al (2017),1,378,0.23,3,1,1,7.16,1.5,1,2
yxj92,zhang et al (2017),1,378,0.15,3,2,1,8.58,2,1,2
yxj92,zhang et al (2017),1,378,0.15,3,3,1,8.58,2,1,2
yxj93,Korpipaa(2017),1,1335,0.19,1,2,2,8,3.5,1,1
yxj93,Korpipaa(2017),1,1335,0.24,2,2,2,8,3.5,1,1
yxj94,Fung (2015),0,413,0.111,3,3,1,8,3.5,1,1
yxj94,Fung (2015),0,413,0.153,3,2,1,8,3.5,1,1
yxj94,Fung (2015),0,413,0.158,3,2,1,8,3.5,1,1
